Email,Password,Last Name,Marital Status,Age,Gender,R_Address,R_City,R_State,R_Country,R_Contact_No_1,R_Contact_No_2,O_Address,O_City,O_State,O_Country,O_Employee_Code,O_Company_Contact_No,O_Company_Contact_Email,O_Company_Name
arjun.nair@zenithcorp.in,$2a$12$m7UoG79lSiUuVL785PNtmOpf7NJnq1tuetJdHINQfSmDci1hwOfVq,Arjun,Nair,MARRIED,32,MALE,"Flat 202, Palm Grove",Kochi,Kerala,India,+919845012345,+914842354567,"12th Floor, Cyber Tower",Kochi,Kerala,India,ZNC-441
maya.pillai@zenithcorp.in,$2a$12$Em3IJLhuD0twtxOGvTaEMuo0S/qf93X4KOiZnbERwq6e2upZPbPPS,Maya,Pillai,SINGLE,28,FEMALE,"Apt 10-C, Sea View",Kochi,Kerala,India,+919845099887,+914842311223,"12th Floor, Cyber Tower",Kochi,Kerala,India,ZNC-442,+914844005000,info@zenithcorp.in,Zenith Corp
sara.khan@novatech.com,$2a$12$18UO2CWO6PbVUPCaGdanD.UPIWfBGGy0T/4/TgqdSCxiFn4NzaT5C,Sara,Khan,MARRIED,30,FEMALE,"H-45, Green Park",New Delhi,Delhi,India,+919811022334,+911126567890,"Plot 88, Okhla Phase III",New Delhi,Delhi,India,NVT-802,+911145556666,hr@novatech.com,NovaTech Solutions
rohan.sharma@novatech.com,$2a$12$a4X8M4rORnOzwzZJuSKNsefYTLXpHraYQyTXZKPHtxo8MlM./J806,Rohan,Sharma,SINGLE,26,MALE,"B-22, Lajpat Nagar",New Delhi,Delhi,India,+919811055667,+911126544332,"Plot 88, Okhla Phase III",New Delhi,Delhi,India,NVT-805,+911145556666,hr@novatech.com,NovaTech Solutions
vikram.rao@bluehorizon.co,$2a$12$MaxvxXnswNRHOuzgDPdgs.C9nKIbJxImukncf6Ab1QVHFuStYC6m6,Vikram,Rao,MARRIED,40,MALE,"12/A, Jubilee Hills",Hyderabad,Telangana,India,+919000188990,+914023345566,"Level 5, Skyview Hub",Hyderabad,Telangana,India,BHL-119,+914066778899,admin@bluehorizon.co,Blue Horizon Ltd
pooja.reddy@bluehorizon.co,$2a$12$MaxvxXnswNRHOuzgDPdgs.C9nKIbJxImukncf6Ab1QVHFuStYC6m6,Pooja,Reddy,SINGLE,25,FEMALE,"Door 5-9, Banjara Hills",Hyderabad,Telangana,India,+919849011223,+914023315544,"Level 5, Skyview Hub",Hyderabad,Telangana,India,BHL-120,+914066778899,admin@bluehorizon.co,Blue Horizon Ltd
meera.joshi@stellaris.in,$2a$12$MaxvxXnswNRHOuzgDPdgs.C9nKIbJxImukncf6Ab1QVHFuStYC6m6,Meera,Joshi,DIVORCED,35,FEMALE,"Apt 501, Heritage View",Pune,Maharashtra,India,+919822011223,+912025534455,"Building 4, IT Park",Pune,Maharashtra,India,ST-005,+912067123456,contact@stellaris.in,Stellaris India
amit.kulkarni@stellaris.in,$2a$12$MaxvxXnswNRHOuzgDPdgs.C9nKIbJxImukncf6Ab1QVHFuStYC6m6,Amit,Kulkarni,MARRIED,38,MALE,"Flat 302, Koregaon Park",Pune,Maharashtra,India,+919822055443,+912025511223,"Building 4, IT Park",Pune,Maharashtra,India,ST-009,+912067123456,contact@stellaris.in,Stellaris India
karthik.s@vortexglobal.com,$2a$12$MaxvxXnswNRHOuzgDPdgs.C9nKIbJxImukncf6Ab1QVHFuStYC6m6,Karthik,Subramanian,SINGLE,29,MALE,"44, Anna Salai",Chennai,Tamil Nadu,India,+919444055667,+914428271122,"Vortex Square, OMR",Chennai,Tamil Nadu,India,VG-992,+914445009000,support@vortexglobal.com,Vortex Global
ananya.iyer@vortexglobal.com,$2a$12$MaxvxXnswNRHOuzgDPdgs.C9nKIbJxImukncf6Ab1QVHFuStYC6m6,Ananya,Iyer,MARRIED,31,FEMALE,"House No 12, Adyar",Chennai,Tamil Nadu,India,+919444088776,+914428255443,"Vortex Square, OMR",Chennai,Tamil Nadu,India,VG-995,+914445009000,support@vortexglobal.com,Vortex Global
